{
  "logistic": {
    "train_accuracy": 0.6424731782392434,
    "train_auc": 0.7016666828676922,
    "test_accuracy": 0.6441635687732342,
    "test_auc": 0.7022218146880762,
    "coefficients": {
      "session_age_minutes": -0.276311937115239,
      "token_count": -0.03256632640589734,
      "revisit_count": -0.30783266740781773,
      "time_since_last_access_minutes": -0.003097457574422493,
      "hour_of_day": -0.04831066128239833,
      "day_of_week": -0.14188583965545098,
      "user_historical_return_rate": 0.7522356645045638,
      "is_business_hours": -0.022967257772915167,
      "avg_session_tokens": -0.12507884123438534
    }
  },
  "gbt": {
    "train_accuracy": 0.6727187562732808,
    "train_auc": 0.7333251122367433,
    "test_accuracy": 0.6729219330855019,
    "test_auc": 0.7299728312356244,
    "feature_importances": {}
  }
}