{
  "logistic": {
    "train_accuracy": 0.6023917049757994,
    "train_auc": 0.5565335391728767,
    "test_accuracy": 0.6044957472660997,
    "test_auc": 0.5579553161599393,
    "coefficients": {
      "session_age_minutes": -0.012877600958034894,
      "token_count": -0.009007434608877384,
      "revisit_count": 0.024564116212781782,
      "time_since_last_access_minutes": 0.0007085296214387597,
      "hour_of_day": -0.029461742891804327,
      "day_of_week": -0.06231600435989061,
      "user_historical_return_rate": 0.4539846361312319,
      "is_business_hours": -0.01689018814269053,
      "avg_session_tokens": -0.03535846429350977
    }
  },
  "gbt": {
    "train_accuracy": 0.6162437473419875,
    "train_auc": 0.5802891651836705,
    "test_accuracy": 0.6131429728635075,
    "test_auc": 0.5644700498172787,
    "feature_importances": {}
  }
}